No.,Name,Date,Location
491,Burrowing Owl,"Feb. 21, 2026","Cameron County, TX"
490,White-faced Ibis,"Feb. 21, 2026","Estero Llano SP, TX"
489,Mottled Duck,"Feb. 21, 2026","Edinburg Scenic Wetlands, TX"
488,Crimson-collared Grosbeak,"Feb. 21, 2026","Edinburg Scenic Wetlands, TX"
487,Eurasian Griffon,"Dec. 26, 2025","Verdon, FR"
486,Sardinian Warbler,"Dec. 25, 2025","Cannes, FR"
485,Short-toed Treecreeper,"Dec. 24, 2025","Cannes, FR"
484,Crested Tit,"Dec. 24, 2025","Cannes, FR"
483,Eurasian Crag-Martin,"Dec. 24, 2025","Cannes, FR"
482,Rose-ringed Parakeet,"Dec. 24, 2025","Cannes, FR"
481,Sooty Shearwater,"Dec. 6, 2025","BBC Pelagic, Hyannis, MA"
480,Great Skua,"Dec. 6, 2025","BBC Pelagic, Hyannis, MA"
479,Dovekie,"Dec. 6, 2025","BBC Pelagic, Hyannis, MA"
478,Great Shearwater,"Dec. 6, 2025","BBC Pelagic, Hyannis, MA"
477,Sharp-shinned Hawk,"Oct. 19, 2025","Songbird Morning Flight, Cape May, NJ"
476,Pectoral Sandpiper,"Oct. 18, 2025","Edwin B. Forsyth NWR, Cape May, NJ"
475,White-rumped Sandpiper,"Aug. 9, 2025","Parker River NWR, Newbury, MA"
474,Tufted Puffin,"Jul. 27, 2025","Cannon Beach, OR"
473,Pigeon Guillemot,"Jul. 27, 2025","Cannon Beach, OR"
472,Common Murre,"Jul. 27, 2025","Cannon Beach, OR"
471,Western Gull,"Jul. 27, 2025","Cannon Beach, OR"
470,American Dipper,"Jul. 26, 2025","South Falls, Silverton, OR"
469,Canada Jay,"Jul. 25, 2025","Mount Hood, OR"
468,Red-necked Phalarope,"May 28, 2025","Fuglaskoðunarhús, Iceland"
467,Whimbrel,"May 27, 2025","Viðey, Iceland"
466,Parasitic Jaeger,"May 27, 2025","Viðey, Iceland"
465,Common Shelduck,"May 27, 2025","Viðey, Iceland"
464,Black-tailed Godwit,"May 27, 2025","Viðey, Iceland"
463,Black-legged Kittiwake,"May 27, 2025","Viðey, Iceland"
462,Black Guillemot,"May 27, 2025","Reykjavik, Iceland"
461,Atlantic Puffin,"May 27, 2025","Reykjavik, Iceland"
460,Northern Fulmar,"May 27, 2025","Reykjavik, Iceland"
459,Common Ringed Plover,"May 26, 2025","Reykjavik, Iceland"
458,Eurasian Wigeon,"May 26, 2025","Reykjavik, Iceland"
457,Arctic Tern,"May 26, 2025","Reykjavik, Iceland"
456,Whooper Swan,"May 26, 2025","Reykjavik, Iceland"
455,Graylag Goose,"May 26, 2025","Reykjavik, Iceland"
454,Tufted Duck,"May 26, 2025","Reykjavik, Iceland"
453,Goldcrest,"May 26, 2025","Öskjuhlíð, Iceland"
452,Meadow Pipit,"May 26, 2025","Öskjuhlíð, Iceland"
451,Common Snipe,"May 26, 2025","Öskjuhlíð, Iceland"
450,Common Redshank,"May 26, 2025","Öskjuhlíð, Iceland"
449,Red Knot,"May 26, 2025","Öskjuhlíð, Iceland"
448,Eurasian Oystercatcher,"May 26, 2025","Öskjuhlíð, Iceland"
447,European Herring Gull,"May 26, 2025","Öskjuhlíð, Iceland"
446,Redpoll,"May 26, 2025","Öskjuhlíð, Iceland"
445,Redwing,"May 26, 2025","Öskjuhlíð, Iceland"
444,Yellow-bellied Flycatcher,"May 21, 2025","McLaughlin Woods, Boston, MA"
443,Yellow-billed Cuckoo,"May 17, 2025","John Heinz NWR, Philadelphia, PA"
442,Orchard Oriole,"May 11, 2025",Valley Forge NHP
441,Swainson’s Thrush,"May 7, 2025","Amory Woods, Brookline, MA"
440,Calliope Hummingbird,"Apr. 11, 2025","Ash Canyon Bird Sanctuary, AZ"
439,Broad-tailed Hummingbird,"Apr. 11, 2025","Ash Canyon Bird Sanctuary, AZ"
438,Scott’s Oriole,"Apr. 11, 2025","Ash Canyon Bird Sanctuary, AZ"
437,Cassin’s Vireo,"Apr. 10, 2025","Paton Center for the Hummingbird, AZ"
436,Green-tailed Towhee,"Apr. 10, 2025","Paton Center for the Hummingbird, AZ"
435,Gambel’s Quail,"Apr. 10, 2025","Paton Center for the Hummingbird, AZ"
434,Violet-crowned Hummingbird,"Apr. 10, 2025","Paton Center for the Hummingbird, AZ"
433,Costa’s Hummingbird,"Apr. 10, 2025","Paton Center for the Hummingbird, AZ"
432,Rufous Hummingbird,"Apr. 10, 2025","Paton Center for the Hummingbird, AZ"
431,Berylline Hummingbird,"Apr. 10, 2025","Madera Kubo B&B, AZ"
430,Lazuli Bunting,"Apr. 10, 2025","Santa Rita Lodge, AZ"
429,Hepatic Tanager,"Apr. 10, 2025","Santa Rita Lodge, AZ"
428,Black-headed Grosbeak,"Apr. 10, 2025","Santa Rita Lodge, AZ"
427,Mexican Jay,"Apr. 10, 2025","Santa Rita Lodge, AZ"
426,Arizona Woodpecker,"Apr. 10, 2025","Santa Rita Lodge, AZ"
425,Rivoli’s Hummingbird,"Apr. 10, 2025","Santa Rita Lodge, AZ"
424,Black-chinned Hummingbird,"Apr. 10, 2025","Santa Rita Lodge, AZ"
423,Broad-billed Hummingbird,"Apr. 9, 2025","Agua Caliente Regional Park, AZ"
422,Greater Roadrunner,"Apr. 9, 2025","Agua Caliente Regional Park, AZ"
421,Painted Redstart,"Apr. 9, 2025","Mt. Lemmon, AZ"
420,Violet-green Swallow,"Apr. 9, 2025","Mt. Lemmon, AZ"
419,Olive Warbler,"Apr. 9, 2025","Mt. Lemmon, AZ"
418,Pygmy Nuthatch,"Apr. 9, 2025","Mt. Lemmon, AZ"
417,Yellow-eyed Junco,"Apr. 9, 2025","Mt. Lemmon, AZ"
416,Abert’s Towhee,"Apr. 9, 2025","Saguaro National Park, AZ"
415,Cactus Wren,"Apr. 9, 2025","Saguaro National Park, AZ"
414,Lucy’s Warbler,"Apr. 9, 2025","Saguaro National Park, AZ"
413,Black Skimmer,"Apr. 8, 2025","Costco, San Fransisco, CA"
412,Ridgway’s Rail,"Apr. 8, 2025","Costco, San Fransisco, CA"
411,Chestnut-backed Chickadee,"Apr. 7, 2025","San Fransisco, CA"
410,Black Oystercatcher,"Apr. 6, 2025","Beach, Mill Valley, CA"
409,Pacific Wren,"Apr. 6, 2025","Muir Woods, CA"
408,Steller’s Jay,"Apr. 6, 2025","Muir Woods, CA"
407,Black Turnstone,"Apr. 5, 2025","Cesar Chavez Park, Berkeley, CA"
406,Forster’s Tern,"Apr. 5, 2025","Cesar Chavez Park, Berkeley, CA"
405,Acorn Woodpecker,"Apr. 5, 2025","Oakland, CA"
404,Lark Sparrow,"Apr. 4, 2025","Richmond, CA"
403,Allen’s Hummingbird,"Apr. 4, 2025","Richmond, CA"
402,West Indian Whistling-Duck,"Feb. 20-27, 2025",Puerto Rico Tour
401,White-cheeked Pintail,"Feb. 20-27, 2025",Puerto Rico Tour
400,Scaly-naped Pigeon,"Feb. 20-27, 2025",Puerto Rico Tour
399,Plain Pigeon,"Feb. 20-27, 2025",Puerto Rico Tour
398,African Collared-Dove,"Feb. 20-27, 2025",Puerto Rico Tour
397,Key West Quail-Dove,"Feb. 20-27, 2025",Puerto Rico Tour
396,Smooth-billed Ani,"Feb. 20-27, 2025",Puerto Rico Tour
395,Mangrove Cuckoo,"Feb. 20-27, 2025",Puerto Rico Tour
394,Puerto Rican Lizard-Cuckoo,"Feb. 20-27, 2025",Puerto Rico Tour
393,Puerto Rican Nightjar,"Feb. 20-27, 2025",Puerto Rico Tour
392,Puerto Rican Mango,"Feb. 20-27, 2025",Puerto Rico Tour
391,Green Mango,"Feb. 20-27, 2025",Puerto Rico Tour
390,Green-throated Carib,"Feb. 20-27, 2025",Puerto Rico Tour
389,Puerto Rican Emerald,"Feb. 20-27, 2025",Puerto Rico Tour
388,Antillean Crested Hummingbird,"Feb. 20-27, 2025",Puerto Rico Tour
387,Sora,"Feb. 20-27, 2025",Puerto Rico Tour
386,Yellow-breasted Crake,"Feb. 20-27, 2025",Puerto Rico Tour
385,Limpkin,"Feb. 20-27, 2025",Puerto Rico Tour
384,Wilson’s Plover,"Feb. 20-27, 2025",Puerto Rico Tour
383,Lesser Black-backed Gull,"Feb. 20-27, 2025",Puerto Rico Tour
382,Sandwich Tern,"Feb. 20-27, 2025",Puerto Rico Tour
381,Brown Booby,"Feb. 20-27, 2025",Puerto Rico Tour
380,Western Cattle-Egret,"Feb. 20-27, 2025",Puerto Rico Tour
379,Broad-winged Hawk,"Feb. 20-27, 2025",Puerto Rico Tour
378,Puerto Rican Owl,"Feb. 20-27, 2025",Puerto Rico Tour
377,Puerto Rican Tody,"Feb. 20-27, 2025",Puerto Rico Tour
376,Puerto Rican Woodpecker,"Feb. 20-27, 2025",Puerto Rico Tour
375,Caribbean Elaenia,"Feb. 20-27, 2025",Puerto Rico Tour
374,Lesser Antillean Pewee,"Feb. 20-27, 2025",Puerto Rico Tour
373,Puerto Rican Flycatcher,"Feb. 20-27, 2025",Puerto Rico Tour
372,Loggerhead Kingbird,"Feb. 20-27, 2025",Puerto Rico Tour
371,Puerto Rican Vireo,"Feb. 20-27, 2025",Puerto Rico Tour
370,Black-whiskered Vireo,"Feb. 20-27, 2025",Puerto Rico Tour
369,Pearly-eyed Thrasher,"Feb. 20-27, 2025",Puerto Rico Tour
368,Red-legged Thrush,"Feb. 20-27, 2025",Puerto Rico Tour
367,Northern Red Bishop,"Feb. 20-27, 2025",Puerto Rico Tour
366,Indian Silverbill,"Feb. 20-27, 2025",Puerto Rico Tour
365,Scaly-breasted Munia,"Feb. 20-27, 2025",Puerto Rico Tour
364,Orange-cheeked Waxbill,"Feb. 20-27, 2025",Puerto Rico Tour
363,Puerto Rican Euphonia,"Feb. 20-27, 2025",Puerto Rico Tour
362,Grasshopper Sparrow,"Feb. 20-27, 2025",Puerto Rico Tour
361,Puerto Rican Tanager,"Feb. 20-27, 2025",Puerto Rico Tour
360,Puerto Rican Spindalis,"Feb. 20-27, 2025",Puerto Rico Tour
359,Puerto Rican Oriole,"Feb. 20-27, 2025",Puerto Rico Tour
358,Venezuelan Troupial,"Feb. 20-27, 2025",Puerto Rico Tour
357,Yellow-shouldered Blackbird,"Feb. 20-27, 2025",Puerto Rico Tour
356,Shiny Cowbird,"Feb. 20-27, 2025",Puerto Rico Tour
355,Elfin-woods Warbler,"Feb. 20-27, 2025",Puerto Rico Tour
354,Adelaide’s Warbler,"Feb. 20-27, 2025",Puerto Rico Tour
353,Yellow-faced Grassquit,"Feb. 20-27, 2025",Puerto Rico Tour
352,Puerto Rican Bullfinch,"Feb. 20-27, 2025",Puerto Rico Tour
351,Puerto Rican Amazon,"Feb. 20-27, 2025",Puerto Rico Tour
350,Black-faced Grassquit,"Feb. 20-27, 2025",Puerto Rico Tour
349,Caribbean Martin,"Feb. 20, 2025",Puerto Rico
348,White-tailed Tropicbird,"Feb. 20, 2025",Puerto Rico
347,Gray Kingbird,"Feb. 20, 2025",Puerto Rico
346,Magnificent Frigatebird,"Feb. 19, 2025",Puerto Rico
345,Bananaquit,"Feb. 19, 2025",Puerto Rico
344,Zenaida Dove,"Feb. 19, 2025",Puerto Rico
343,Greater Antillean Grackle,"Feb. 19, 2025",Puerto Rico
342,Muscovy Duck,"Jan. 30, 2025","Key Biscayne, FL"
341,Sandhill Crane,"Jan. 30, 2025","Key Biscayne, FL"
340,Yellow-throated Warbler,"Jan. 30, 2025","Biscayne NP, FL"
339,Royal Tern,"Jan. 30, 2025","Biscayne NP, FL"
338,Laughing Gull,"Jan. 29, 2025","Chili’s, FL"
337,White Ibis,"Jan. 28, 2025","Everglades, FL"
336,Purple Gallinule,"Jan. 28, 2025","Everglades, FL"
335,Wood Stork,"Jan. 28, 2025","Everglades, FL"
334,Boat-tailed Grackle,"Jan. 27, 2025",Somewhere in Florida
333,Tropical Parula,"Jan. 13, 2025","Laguna Vista, TX"
332,Painted Bunting,"Jan. 13, 2025","Laguna Vista, TX"
331,Hooded Oriole,"Jan. 13, 2025","Laguna Vista, TX"
330,Groove-billed Ani,"Jan. 13, 2025","Laguna Vista, TX"
329,Roseate Spoonbill,"Jan. 13, 2025","South Padre Island, TX"
328,Black-bellied Whistling-Duck,"Jan. 13, 2025","South Padre Island, TX"
327,Redhead,"Jan. 13, 2025","South Padre Island, TX"
326,Tricolored Heron,"Jan. 13, 2025","South Padre Island, TX"
325,Brown Pelican,"Jan. 13, 2025","South Padre Island, TX"
324,Common Gallinule,"Jan. 13, 2025","South Padre Island, TX"
323,Reddish Egret,"Jan. 13, 2025","South Padre Island, TX"
322,Clapper Rail,"Jan. 13, 2025","South Padre Island, TX"
321,Black-bellied Plover,"Jan. 13, 2025","South Padre Island, TX"
320,Vermilion Flycatcher,"Jan. 12, 2025","Santa Ana NWR, TX"
319,Cinnamon Teal,"Jan. 12, 2025","Santa Ana NWR, TX"
318,Verdin,"Jan. 12, 2025","Santa Ana NWR, TX"
317,Black-necked Stilt,"Jan. 11, 2025","Estero Llano SP, TX"
316,Curve-billed Thrasher,"Jan. 11, 2025","Estero Llano SP, TX"
315,Loggerhead Shrike,"Jan. 11, 2025","Estero Llano SP, TX"
314,Cave Swallow,"Jan. 11, 2025","Estero Llano SP, TX"
313,Common Pauraque,"Jan. 11, 2025","Estero Llano SP, TX"
312,Common Ground Dove,"Jan. 11, 2025","Estero Llano SP, TX"
311,White-tailed Kite,"Jan. 11, 2025","Estero Llano SP, TX"
310,American Avocet,"Jan. 11, 2025","Estero Llano SP, TX"
309,Yellow-crowned Night Heron,"Jan. 11, 2025","Estero Llano SP, TX"
308,Long-billed Curlew,"Jan. 11, 2025","Estero Llano SP, TX"
307,White-eyed Vireo,"Jan. 10, 2025","National Butterfly Center, TX"
306,Buff-bellied Hummingbird,"Jan. 10, 2025","National Butterfly Center, TX"
305,Audubon’s Oriole,"Jan. 10, 2025","Bentsen SP, TX"
304,Inca Dove,"Jan. 10, 2025","Bentsen SP, TX"
303,Gray Hawk,"Jan. 10, 2025","Bentsen SP, TX"
302,Clay-colored Thrush,"Jan. 9, 2025","Santa Margarita Ranch, TX"
301,Olive Sparrow,"Jan. 9, 2025","Santa Margarita Ranch, TX"
300,Altamira Oriole,"Jan. 9, 2025","Santa Margarita Ranch, TX"
299,American White Pelican,"Jan. 9, 2025","Santa Margarita Ranch, TX"
298,Ringed Kingfisher,"Jan. 9, 2025","Santa Margarita Ranch, TX"
297,Green Kingfisher,"Jan. 9, 2025","Santa Margarita Ranch, TX"
296,Green Jay,"Jan. 9, 2025","Santa Margarita Ranch, TX"
295,Golden-fronted Woodpecker,"Jan. 9, 2025","Santa Margarita Ranch, TX"
294,Anhinga,"Jan. 9, 2025","Santa Margarita Ranch, TX"
293,Scaled Quail,"Jan. 9, 2025","Santa Margarita Ranch, TX"
292,Great Kiskadee,"Jan. 9, 2025","Santa Margarita Ranch, TX"
291,Long-billed Thrasher,"Jan. 9, 2025","Santa Margarita Ranch, TX"
290,Plain Chachalaca,"Jan. 9, 2025","Santa Margarita Ranch, TX"
289,Harris’s Hawk,"Jan. 9, 2025","Santa Margarita Ranch, TX"
288,Red-billed Pigeon,"Jan. 9, 2025","Santa Margarita Ranch, TX"
287,Black-throated Sparrow,"Jan. 9, 2025","Santa Margarita Ranch, TX"
286,White-tipped Dove,"Jan. 8, 2025","McAllen Airport Car Rental Parking Lot, TX"
285,Canyon Wren,"Dec. 27, 2024","Sedona, AZ"
284,Mountain Chickadee,"Dec. 26, 2024","Grand Canyon, AZ"
283,Gila Woodpecker,"Dec. 26, 2024","Sedona, AZ"
282,Bridled Titmouse,"Dec. 26, 2024","Sedona, AZ"
281,Rock Wren,"Dec. 25, 2024","Sedona, AZ"
280,Bewick’s Wren,"Dec. 25, 2024","Sedona, AZ"
279,Bushtit,"Dec. 25, 2024","Sedona, AZ"
278,White-crowned Sparrow,"Dec. 25, 2024","Sedona, AZ"
277,Juniper Titmouse,"Dec. 25, 2024","Sedona, AZ"
276,Woodhouse’s Scrub-Jay,"Dec. 25, 2024","Sedona, AZ"
275,Red-naped Sapsucker,"Dec. 25, 2024","Sedona, AZ"
274,Pomarine Jaeger,"Nov. 2, 2024","Gloucester Pelagic, MA"
273,Cory’s Shearwater,"Nov. 2, 2024","Gloucester Pelagic, MA"
272,Northern Gannet,"Oct. 19, 2024","Gloucester Pelagic, MA"
271,Black-naped Oriole,"Oct. 1-16, 2024",Vietnam
270,Yellow Bittern,"Oct. 1-16, 2024",Vietnam
269,Asian Openbill,"Oct. 1-16, 2024",Vietnam
268,White-throated Kingfisher,"Oct. 1-16, 2024",Vietnam
267,White-breasted Waterhen,"Oct. 1-16, 2024",Vietnam
266,Eurasian Moorhen,"Oct. 1-16, 2024",Vietnam
265,Eastern Cattle-Egret,"Oct. 1-16, 2024",Vietnam
264,Crimson Sunbird,"Oct. 1-16, 2024",Vietnam
263,Greater Coucal,"Oct. 1-16, 2024",Vietnam
262,Black-crested Bulbul,"Oct. 1-16, 2024",Vietnam
261,Blue Whistling-Thrush,"Oct. 1-16, 2024",Vietnam
260,Scarlet-backed Flowerpecker,"Oct. 1-16, 2024",Vietnam
259,Gray Wagtail,"Oct. 1-16, 2024",Vietnam
258,Common Kingfisher,"Oct. 1-16, 2024",Vietnam
257,White-throated Fantail,"Oct. 1-16, 2024",Vietnam
256,Red-whiskered Bulbul,"Oct. 1-16, 2024",Vietnam
255,Swinhoe’s White-eye,"Oct. 1-16, 2024",Vietnam
254,Eurasian Tree Sparrow,"Oct. 1-16, 2024",Vietnam
253,Oriental Magpie-Robin,"Oct. 1-16, 2024",Vietnam
252,Plain Prinia,"Oct. 1-16, 2024",Vietnam
251,Common Tailorbird,"Oct. 1-16, 2024",Vietnam
250,Yellow-browed Warbler,"Oct. 1-16, 2024",Vietnam
249,Chinese Pond-Heron,"Oct. 1-16, 2024",Vietnam
248,Asian Brown Flycatcher,"Oct. 1-16, 2024",Vietnam
247,Asian Tit,"Oct. 1-16, 2024",Vietnam
246,Fish Crow,"Sep. 25, 2024","KOP Shopping Center, PA"
245,Common Nighthawk,"Sep. 22, 2024","Wilson Park, MA"
244,Bonaparte’s Gull,"Aug. 10, 2024","Point of Pines, MA"
243,Semipalmated Plover,"Aug. 3, 2024","Parker River NWR, Newbury, MA"
242,Short-billed Dowitcher,"Aug. 3, 2024","Parker River NWR, Newbury, MA"
241,Stilt Sandpiper,"Aug. 3, 2024","Parker River NWR, Newbury, MA"
240,Anna’s Hummingbird,"Jul. 19-21, 2024","Murrieta, CA"
239,California Quail,"Jul. 19-21, 2024","Murrieta, CA"
238,Phainopepla,"Jul. 19-21, 2024","Murrieta, CA"
237,Western Bluebird,"Jul. 19-21, 2024","Murrieta, CA"
236,Black Phoebe,"Jul. 19-21, 2024","Murrieta, CA"
235,Red-crested Pochard,"Jul. 3-7, 2024",Switzerland
234,Black Redstart,"Jul. 3-7, 2024",Switzerland
233,Eurasian Blackbird,"Jul. 3-7, 2024",Switzerland
232,Carrion Crow,"Jul. 3-7, 2024",Switzerland
231,White Wagtail,"Jul. 3-7, 2024",Switzerland
230,Yellow-billed Chough,"Jul. 3-7, 2024",Switzerland
229,Common Chiffchaff,"Jul. 3-7, 2024",Switzerland
228,European Goldfinch,"Jul. 3-7, 2024",Switzerland
227,European Robin,"Jul. 3-7, 2024",Switzerland
226,Eurasian Blackcap,"Jul. 3-7, 2024",Switzerland
225,Eurasian Magpie,"Jul. 3-7, 2024",Switzerland
224,Great Tit,"Jul. 3-7, 2024",Switzerland
223,European Serin,"Jul. 3-7, 2024",Switzerland
222,Western House-Martin,"Jul. 3-7, 2024",Switzerland
221,Red Kite,"Jul. 3-7, 2024",Switzerland
220,Common Wood-Pigeon,"Jul. 3-7, 2024",Switzerland
219,Common Swift,"Jul. 3-7, 2024",Switzerland
218,Eurasian Kestrel,"Jul. 3-7, 2024",Switzerland
217,Eurasian Blue Tit,"Jul. 3-7, 2024",Switzerland
216,Water Pipit,"Jul. 3-7, 2024",Switzerland
215,Eurasian Collared-Dove,"Jul. 3-7, 2024",Switzerland
214,Great Crested Grebe,"Jul. 3-7, 2024",Switzerland
213,Yellow-legged Gull,"Jul. 3-7, 2024",Switzerland
212,Black-headed Gull,"Jul. 3-7, 2024",Switzerland
211,Gray Heron,"Jul. 3-7, 2024",Switzerland
210,Little Grebe,"Jul. 3-7, 2024",Switzerland
209,Alpine Swift,"Jul. 3-7, 2024",Switzerland
208,Eurasian Coot,"Jul. 3-7, 2024",Switzerland
207,Least Bittern,"Jun. 22, 2024","Parker River NWR, Newbury, MA"
206,Common Tern,"Jun. 22, 2024","Parker River NWR, Newbury, MA"
205,Purple Martin,"Jun. 22, 2024","Parker River NWR, Newbury, MA"
204,Piping Plover,"Jun. 5, 2024","Revere Beach, MA"
203,Bobolink,"May 26, 2024","Drumlin Farms, MA"
202,Eastern Wood-Pewee,"May 26, 2024","Drumlin Farms, MA"
201,American Goshawk,"May 19, 2024","Ripton, VT"
200,Louisiana Waterthrush,"May 19, 2024","Ripton, VT"
199,Golden-winged Warbler,"May 18, 2024","Cram Rd. Powerlines, VT"
198,Blue-winged Warbler,"May 18, 2024","Cram Rd. Powerlines, VT"
197,Prairie Warbler,"May 18, 2024","Cram Rd. Powerlines, VT"
196,Blackburnian Warbler,"May 18, 2024","Goshen, VT"
195,Mourning Warbler,"May 18, 2024","Goshen, VT"
194,Indigo Bunting,"May 18, 2024","Goshen, VT"
193,Red Crossbill,"May 18, 2024","Goshen, VT"
192,Alder Flycatcher,"May 18, 2024","Goshen, VT"
191,Canada Warbler,"May 18, 2024","Goshen, VT"
190,Red-eyed Vireo,"May 17, 2024","Blueberry Hill, VT"
189,Chestnut-sided Warbler,"May 17, 2024","Blueberry Hill, VT"
188,Chuck-Will’s-Widow,"May 16, 2024","Esplanade, MA"
187,Blackpoll Warbler,"May 15, 2024","North Point Park, MA"
186,Least Flycatcher,"May 15, 2024","North Point Park, MA"
185,Black-throated Blue Warbler,"May 14, 2024","North Point Park, MA"
184,Wilson's Warbler,"May 12, 2024","Amory Woods, Brookline, MA"
183,Magnolia Warbler,"May 11, 2024","Mount Auburn Cemetery, MA"
182,Tennessee Warbler,"May 11, 2024","Mount Auburn Cemetery, MA"
181,Cape May Warbler,"May 11, 2024","Mount Auburn Cemetery, MA"
180,Veery,"May 11, 2024","Mount Auburn Cemetery, MA"
179,American Redstart,"May 11, 2024","Mount Auburn Cemetery, MA"
178,Bay-breasted Warbler,"May 11, 2024","Mount Auburn Cemetery, MA"
177,Wood Thrush,"May 7, 2024","Ipswich River Audubon, MA"
176,Marsh Wren,"May 7, 2024","Parker River NWR, Newbury, MA"
175,Scarlet Tanager,"May 7, 2024","Parker River NWR, Newbury, MA"
174,Lesser Yellowlegs,"May 6, 2024","Belle Isle Marsh, MA"
173,Least Tern,"May 6, 2024","Belle Isle Marsh, MA"
172,Blue-winged Teal,"May 6, 2024","Belle Isle Marsh, MA"
171,Willet,"May 6, 2024","Belle Isle Marsh, MA"
170,Common Raven,"May 5, 2024","Mount Auburn Cemetery, MA"
169,Black-throated Green Warbler,"May 5, 2024","Mount Auburn Cemetery, MA"
168,Rose-breasted Grosbeak,"May 5, 2024","Mount Auburn Cemetery, MA"
167,Great Crested Flycatcher,"May 4, 2024","Mount Auburn Cemetery, MA"
166,Northern Parula,"May 4, 2024","Mount Auburn Cemetery, MA"
165,Common Yellowthroat,"May 3, 2024","North Point Park, MA"
164,Ovenbird,"Apr. 30, 2024","North Point Park, MA"
163,Brown Thrasher,"Apr. 30, 2024","North Point Park, MA"
162,Nashville Warbler,"Apr. 29, 2024","North Point Park, MA"
161,Warbling Vireo,"Apr. 29, 2024","North Point Park, MA"
160,Barred Owl,"Apr. 27, 2024",Horn Pond
159,Northern Waterthrush,"Apr. 26, 2024","North Point Park, MA"
158,Yellow Warbler,"Apr. 25, 2024","North Point Park, MA"
157,Eastern Towhee,"Apr. 24, 2024","Cambridge Crossing, MA"
156,Black-crowned Night-Heron,"Apr. 22, 2024","North Point Park, MA"
155,Glossy Ibis,"Apr. 21, 2024","Belle Isle Marsh, MA"
154,Northern Rough-winged Swallow,"Apr. 17, 2024","North Point Park, MA"
153,Chipping Sparrow,"Apr. 14, 2024","Mount Auburn Cemetery, MA"
152,Tree Swallow,"Apr. 13, 2024","Belle Isle Marsh, MA"
151,Pine Siskin,"Apr. 6, 2024","Elizabethtown, NY"
150,Great Cormorant,"Mar. 31, 2024","Mystic Lakes, MA"
149,Brown-headed Cowbird,"Mar. 30, 2024","Mount Auburn Cemetery, MA"
148,Red-breasted Nuthatch,"Mar. 15, 2024","Arnold Arboretum, MA"
147,Merlin,"Mar. 8, 2024",Tuft’s Park
146,American Woodcock,"Mar. 3, 2024","Alewife Brook, MA"
145,White-winged Scoter,"Mar. 3, 2024","Belle Isle Marsh, MA"
144,Ruddy Turnstone,"Feb. 24, 2024","Winthrop Beach, MA"
143,Great Horned Owl,"Feb. 18, 2024","Belmont Audubon, MA"
142,Eastern Screech-Owl,"Feb. 11, 2024","Franklin Park, MA"
141,Townsend’s Warbler,"Jan. 23, 2024","Alewife Bike Trail, MA"
140,Peregrine Falcon,"Jan. 15, 2024","Memorial Drive, MA"
139,Short-eared Owl,"Jan. 6, 2024","Bear Creek, MA"
138,Eastern Meadowlark,"Jan. 6, 2024","Bear Creek, MA"
137,Horned Lark,"Jan. 6, 2024","Bear Creek, MA"
136,Red-throated Loon,"Jan. 1, 2024","Castle Island, MA"
135,Brant,"Jan. 1, 2024","Castle Island, MA"
134,Barrow’s Goldeneye,"Jan. 1, 2024","Castle Island, MA"
133,Common Goldeneye,"Jan. 1, 2024","Castle Island, MA"
132,Semipalmated Sandpiper,"Jan. 1, 2024","Castle Island, MA"
131,Dunlin,"Jan. 1, 2024","Castle Island, MA"
130,Purple Sandpiper,"Jan. 1, 2024","Castle Island, MA"
129,Razorbill,"Jan. 1, 2024","Castle Island, MA"
128,Purple Finch,"Dec. 31, 2023","Caratunk Wildlife Refuge, MA"
127,Common Merganser,"Dec. 30, 2023","Roger Williams Park, RI"
126,Bald Eagle,"Dec. 27, 2023","Mount Auburn Cemetery, MA"
125,Lesser Goldfinch,"Dec. 20, 2023","Zilker Park, TX"
124,Neotropic Cormorant,"Dec. 20, 2023","Zilker Park, TX"
123,Osprey,"Dec. 20, 2023","Austin, TX"
122,American Kestrel,"Dec. 19, 2023","Hornsby Bend, TX"
121,Least Grebe,"Dec. 19, 2023","Hornsby Bend, TX"
120,Northern Shoveler,"Dec. 19, 2023","Hornsby Bend, TX"
119,Northern House Wren,"Dec. 19, 2023","Hornsby Bend, TX"
118,American Pipit,"Dec. 19, 2023","Hornsby Bend, TX"
117,Lincoln’s Sparrow,"Dec. 19, 2023","Hornsby Bend, TX"
116,Brewer’s Blackbird,"Dec. 19, 2023","Hornsby Bend, TX"
115,Wilson's Snipe,"Dec. 19, 2023","Hornsby Bend, TX"
114,Bufflehead,"Dec. 18, 2023","Austin, TX"
113,Egyptian Goose,"Dec. 18, 2023","Austin, TX"
112,Red-shouldered Hawk,"Dec. 18, 2023","Austin, TX"
111,Hermit Thrush,"Dec. 18, 2023","Barton Creek, MA"
110,Ladder-backed Woodpecker,"Dec. 18, 2023","Barton Creek, MA"
109,Spotted Towhee,"Dec. 18, 2023","Barton Creek, MA"
108,Little Blue Heron,"Dec. 17, 2023","Roy G. Guerrero Park, TX"
107,American Wigeon,"Dec. 17, 2023","Roy G. Guerrero Park, TX"
106,Northern Pintail,"Dec. 17, 2023","Roy G. Guerrero Park, TX"
105,Least Sandpiper,"Dec. 17, 2023","Roy G. Guerrero Park, TX"
104,Crested Caracara,"Dec. 17, 2023","Roy G. Guerrero Park, TX"
103,Pyrrhuloxia,"Dec. 17, 2023","Roy G. Guerrero Park, TX"
102,Scissor-tailed Flycatcher,"Dec. 17, 2023","Roy G. Guerrero Park, TX"
101,Lesser Scaup,"Dec. 16, 2023","Austin, TX"
100,Monk Parakeet,"Dec. 16, 2023","Austin, TX"
99,Pine Warbler,"Dec. 16, 2023","McKinney, TX"
98,Blue-gray Gnatcatcher,"Dec. 16, 2023","McKinney, TX"
97,Black Vulture,"Dec. 16, 2023","McKinney, TX"
96,White-winged Dove,"Dec. 16, 2023","McKinney, TX"
95,Pied-billed Grebe,"Dec. 16, 2023","McKinney, TX"
94,Gadwall,"Dec. 15, 2023","Austin, TX"
93,Great-tailed Grackle,"Dec. 15, 2023","Austin, TX"
92,Black-crested Titmouse,"Dec. 15, 2023","Austin, TX"
91,Orange-crowned Warbler,"Dec. 15, 2023","Austin, TX"
90,American Tree Sparrow,"Dec. 10, 2023","Belle Isle Marsh, MA"
89,Long-billed Dowitcher,"Dec. 10, 2023","Belle Isle Marsh, MA"
88,American Black Duck,"Dec. 9, 2023","Fenway, MA"
87,Greater Scaup,"Dec. 9, 2023","Chestnut Hill Reservoir, MA"
86,Ash-throated Flycatcher,"Dec. 1, 2023","Danehy Park, MA"
85,Winter Wren,"Nov. 22, 2023","Valley Creek, PA"
84,Pileated Woodpecker,"Nov. 22, 2023","Valley Creek, PA"
83,Northern Harrier,"Nov. 20, 2023",Valley Forge NHP
82,Field Sparrow,"Nov. 20, 2023",Valley Forge NHP
81,Turkey Vulture,"Nov. 20, 2023","Parent’s House, PA"
80,Fox Sparrow,"Nov. 19, 2023",Valley Forge NHP
79,Carolina Chickadee,"Nov. 17, 2023","Parent’s House, PA"
78,Common Loon,"Nov. 11, 2023","Deer Island, MA"
77,Red-breasted Merganser,"Nov. 11, 2023","Deer Island, MA"
76,Surf Scoter,"Nov. 11, 2023","Deer Island, MA"
75,Long-tailed Duck,"Nov. 11, 2023","Deer Island, MA"
74,Common Eider,"Nov. 11, 2023","Deer Island, MA"
73,Sanderling,"Nov. 11, 2023","Deer Island, MA"
72,Snow Bunting,"Nov. 11, 2023","Deer Island, MA"
71,Great Black-backed Gull,"Nov. 11, 2023","Deer Island, MA"
70,Ruddy Duck,"Nov. 10, 2023","Fresh Pond, MA"
69,Ring-necked Duck,"Nov. 10, 2023","Fresh Pond, MA"
68,Carolina Wren,"Nov. 10, 2023","Fresh Pond, MA"
67,Yellow-bellied Sapsucker,"Nov. 5, 2023","Mount Auburn Cemetery, MA"
66,Eastern Bluebird,"Nov. 4, 2023","Broadmoor Wildlife Refuge, MA"
65,Hairy Woodpecker,"Nov. 4, 2023","Broadmoor Wildlife Refuge, MA"
64,Green-winged Teal,"Nov. 4, 2023","Broadmoor Wildlife Refuge, MA"
63,Spotted Sandpiper,"Oct. 29, 2023","Jamaica Pond, MA"
62,Hooded Merganser,"Oct. 28, 2023","Horn Pond, MA"
61,Cooper’s Hawk,"Oct. 28, 2023","Horn Pond, MA"
60,Common Grackle,"Oct. 28, 2023","Horn Pond, MA"
59,American Coot,"Oct. 28, 2023","Horn Pond, MA"
58,Eastern Phoebe,"Oct. 22, 2023","Fresh Pond, MA"
57,Blue-headed Vireo,"Oct. 22, 2023","Fresh Pond, MA"
56,House Finch,"Oct. 22, 2023","Fresh Pond, MA"
55,Dark-eyed Junco,"Oct. 15, 2023","Great Meadows NWR, MA"
54,Palm Warbler,"Oct. 14, 2023","Broadmoor Wildlife Refuge, MA"
53,White-throated Sparrow,"Oct. 14, 2023","Broadmoor Wildlife Refuge, MA"
52,Wood Duck,"Oct. 14, 2023","Broadmoor Wildlife Refuge, MA"
51,Brown Creeper,"Oct. 14, 2023","Broadmoor Wildlife Refuge, MA"
50,Golden-crowned Kinglet,"Oct. 14, 2023","Broadmoor Wildlife Refuge, MA"
49,Red-winged Blackbird,"Oct. 14, 2023","Broadmoor Wildlife Refuge, MA"
48,Savannah Sparrow,"Oct. 9, 2023","Great Meadows NWR, MA"
47,Rusty Blackbird,"Oct. 9, 2023","Great Meadows NWR, MA"
46,Swamp Sparrow,"Oct. 9, 2023","Great Meadows NWR, MA"
45,Ruby-crowned Kinglet,"Oct. 9, 2023","Great Meadows NWR, MA"
44,Yellow-rumped Warbler,"Oct. 9, 2023","Great Meadows NWR, MA"
43,Canada Goose,"Oct. 9, 2023","Great Meadows NWR, MA"
42,Mallard,"Oct. 9, 2023","Great Meadows NWR, MA"
41,Tufted Titmouse,"Oct. 8, 2023","Mount Auburn Cemetery, MA"
40,Mourning Dove,"Oct. 8, 2023","Mount Auburn Cemetery, MA"
39,Greater Yellowlegs,"Oct. 3, 2023","Belle Isle Marsh, MA"
38,American Oystercatcher,"Oct. 1, 2023","Squantum Point SP, MA"
37,American Herring Gull,"Oct. 1, 2023","Squantum Point SP, MA"
36,Ring-billed Gull,"Oct. 1, 2023","Squantum Point SP, MA"
35,Song Sparrow,"Oct. 1, 2023","Squantum Point SP, MA"
34,European Starling,"Oct. 1, 2023","Squantum Point SP, MA"
33,American Crow,"Oct. 1, 2023","Squantum Point SP, MA"
32,Snowy Egret,"Sep. 22, 2023","Belle Isle Marsh, MA"
31,Great Egret,"Sep. 22, 2023","Belle Isle Marsh, MA"
30,Black-and-white Warbler,"Aug. 12, 2023","Mount Auburn Cemetery, MA"
29,Northern Flicker,"Aug. 12, 2023","Mount Auburn Cemetery, MA"
28,Baltimore Oriole,"Aug. 12, 2023","Mount Auburn Cemetery, MA"
27,White-breasted Nuthatch,"Aug. 12, 2023","Mount Auburn Cemetery, MA"
26,Wild Turkey,"Aug. 12, 2023","Mount Auburn Cemetery, MA"
25,Chimney Swift,"Aug. 8, 2023","Fresh Pond, MA"
24,Green Heron,"Aug. 6, 2023","Fresh Pond, MA"
23,Cedar Waxwing,"Aug. 5, 2023","Great Meadows NWR, MA"
22,Ruby-throated Hummingbird,"Aug. 5, 2023","Great Meadows NWR, MA"
21,Mute Swan,"Aug. 2, 2023","Alewife Brook, MA"
20,Black-capped Chickadee,"Aug. 1, 2023","Fresh Pond, MA"
19,Eastern Kingbird,"Jul. 30, 2023","Esplanade, MA"
18,Killdeer,"Jul. 22, 2023","Assembly T Station, MA"
17,Red-bellied Woodpecker,"Jul. 14, 2023","Valley Creek, PA"
16,Belted Kingfisher,"Jul. 14, 2023","Valley Creek, PA"
15,Great Blue Heron,"Jul. 14, 2023","Valley Creek, PA"
14,American Goldfinch,"Jul. 13, 2023","Parent’s House, PA"
13,Red-tailed Hawk,"Jul. 13, 2023","Parent’s House, PA"
12,Downy Woodpecker,"Jul. 9, 2023","Audubon Nature Center, MA"
11,Northern Cardinal,"Jul. 9, 2023","Audubon Nature Center, MA"
10,American Robin,"Jul. 9, 2023","Audubon Nature Center, MA"
9,Northern Mockingbird,"Jul. 5, 2023",Gore St. MA
8,Gray Catbird,"Jul. 1, 2023","Portland, ME"
7,House Sparrow,"Jun. 11, 2023",Gore St. MA
6,Rock Pigeon,"Jun. 11, 2023","Star Market Parking Lot, MA"
5,Double-crested Cormorant,"Jun. 10, 2023",George’s Island
4,Barn Swallow,"Jun. 10, 2023",George’s Island
3,Clark’s Nutcracker,"May 28, 2023","BANFF, CA"
2,Black-billed Magpie,"May 26, 2023","BANFF, CA"
1,Blue Jay,"Apr. 27, 2023","Gold Star Mothers Park, MA"